{"stat.pickup.tconstruct.book":1,"stat.pickup.minecraft.wooden_slab":14,"stat.mineBlock.tconstruct.seared_tank":1,"stat.leaveGame":5,"stat.craftItem.excompressum.compressed_hammer_stone":1,"stat.pickup.gravestone.death_info":1,"stat.breakItem.minecraft.wooden_sword":1,"stat.mineBlock.extrautils2.compressedcobblestone":45,"stat.useItem.minecraft.planks":12,"stat.pickup.tconstruct.tough_binding":1,"stat.pickup.minecraft.rotten_flesh":6,"stat.pickup.minecraft.sand":331,"stat.pickup.excompressum.compressed_block":12,"stat.craftItem.minecraft.stone_axe":1,"stat.breakItem.exnihiloadscensio.hammerWood":1,"stat.mineBlock.minecraft.wooden_slab":10,"stat.craftItem.tconstruct.casting":2,"stat.craftItem.minecraft.stone_sword":18,"stat.mineBlock.minecraft.sand":20,"achievement.buildPickaxe":3,"stat.craftItem.exnihiloadscensio.blockBarrel1":1,"achievement.buildBetterPickaxe":2,"stat.hopperInspected":4,"stat.useItem.excompressum.heavy_sieve":1,"stat.drop.gravestone.death_info":3,"stat.furnaceInteraction":83,"achievement.mineWood":56,"stat.breakItem.exnihiloadscensio.hammerStone":1,"achievement.openInventory":382,"stat.useItem.minecraft.hopper":3,"stat.useItem.minecraft.dye":4,"stat.deaths":15,"stat.useItem.tconstruct.smeltery_io":2,"stat.playOneMinute":259816,"stat.useItem.exnihiloadscensio.hammerStone":219,"stat.craftItem.minecraft.wooden_shovel":1,"stat.pickup.exnihiloadscensio.itemMesh":1,"stat.pickup.tconstruct.seared":2,"stat.chestOpened":63,"stat.useItem.minecraft.clay":32,"stat.pickup.exnihiloadscensio.itemOreNickel":10,"stat.useItem.minecraft.experience_bottle":1,"stat.fallOneCm":24608,"stat.crouchOneCm":65146,"stat.mineBlock.minecraft.chest":2,"stat.craftItem.minecraft.chest":6,"stat.entityKilledBy.headcrumbs.Human":1,"stat.craftingTableInteraction":95,"stat.pickup.extrautils2.spike_stone":5,"stat.useItem.minecraft.furnace":3,"stat.pickup.exnihiloadscensio.itemMaterial":37,"stat.craftItem.tconstruct.materials":238,"stat.useItem.excompressum.compressed_crook":278,"stat.pickup.minecraft.dye":44,"stat.pickup.minecraft.planks":88,"stat.pickup.minecraft.wheat_seeds":8,"stat.mineBlock.minecraft.gravel":99,"stat.useItem.minecraft.stone_pickaxe":20,"stat.craftItem.tconstruct.seared_tank":1,"stat.mineBlock.minecraft.dirt":1,"stat.useItem.exnihiloadscensio.hammerWood":32,"stat.pickup.exnihiloadscensio.itemSeedPotato":1,"stat.useItem.extrautils2.spike_stone":29,"stat.pickup.tconstruct.pattern":15,"stat.useItem.minecraft.torch":6,"stat.craftItem.extrautils2.spike_stone":24,"stat.useItem.minecraft.cobblestone":478,"stat.craftItem.minecraft.crafting_table":2,"stat.craftItem.extrautils2.compressedgravel":25,"stat.useItem.minecraft.gravel":112,"stat.craftItem.ceramics.clay_bucket":1,"stat.pickup.minecraft.log":154,"stat.useItem.tconstruct.pickaxe":33,"stat.pickup.exnihiloadscensio.itemOreLead":6,"stat.drop.minecraft.sapling":2,"stat.useItem.actuallyadditions.itemAxeObsidian":21,"stat.pickup.minecraft.sapling":723,"stat.pickup.exnihiloadscensio.itemOreCopper":19,"stat.pickup.minecraft.apple":28,"stat.craftItem.tconstruct.smeltery_controller":1,"stat.craftItem.minecraft.planks":560,"stat.mineBlock.exnihiloadscensio.blockDust":1,"stat.useItem.excompressum.compressed_block":12,"ftbl.stat.first_joined":{"value":0,"progress":1600179596099},"stat.mineBlock.minecraft.log":154,"stat.sneakTime":15525,"stat.mineBlock.extrautils2.compressedgravel":25,"stat.useItem.minecraft.wooden_axe":184,"stat.pickup.minecraft.stone_slab":5,"stat.pickup.minecraft.chest":2,"stat.pickup.minecraft.bone":16,"stat.killEntity.headcrumbs.Human":10,"stat.pickup.minecraft.redstone_torch":4,"stat.craftItem.ceramics.unfired_clay":1,"stat.mineBlock.extrautils2.spike_stone":4,"stat.mineBlock.minecraft.cobblestone":233,"stat.pickup.minecraft.flint":3,"stat.craftItem.tconstruct.faucet":2,"stat.craftItem.extrautils2.compressedcobblestone":51,"stat.swimOneCm":1311,"achievement.buildWorkBench":3,"stat.pickup.lootbags.itemlootbag":2,"stat.useItem.minecraft.dirt":1,"achievement.exploreAllBiomes":{"value":0,"progress":["ForestHills","Forest"]},"stat.craftItem.minecraft.furnace":3,"stat.craftItem.minecraft.stone_pickaxe":1,"stat.pickup.minecraft.cobblestone":65,"stat.mineBlock.minecraft.clay":32,"stat.flyOneCm":59205,"stat.pickup.minecraft.clay":53,"stat.useItem.exnihiloadscensio.blockBarrel1":1,"stat.useItem.extrautils2.compressedgravel":25,"stat.craftItem.minecraft.wooden_slab":144,"stat.timeSinceDeath":46872,"stat.useItem.exnihiloadscensio.blockDust":1,"stat.useItem.minecraft.wooden_slab":81,"stat.pickup.integrateddynamics.on_the_dynamics_of_integration":2,"stat.pickup.exnihiloadscensio.itemOreGold":9,"stat.craftItem.tconstruct.seared":47,"stat.craftItem.tconstruct.soil":240,"stat.pickup.minecraft.string":121,"stat.pickup.tconstruct.smeltery_controller":1,"stat.pickup.exnihiloadscensio.itemOreSilver":4,"stat.entityKilledBy.Skeleton":2,"achievement.buildSword":37,"stat.craftItem.excompressum.heavy_sieve":1,"stat.sprintOneCm":93201,"stat.craftItem.minecraft.stick":132,"stat.craftItem.minecraft.wooden_axe":5,"stat.craftItem.minecraft.stone":9,"stat.useItem.tconstruct.casting":2,"stat.useItem.excompressum.compressed_hammer_stone":109,"stat.useItem.minecraft.wooden_shovel":20,"achievement.killEnemy":14,"stat.useItem.tconstruct.seared_tank":2,"achievement.buildFurnace":6,"stat.mineBlock.minecraft.planks":2,"stat.useItem.extrautils2.compressedsand":16,"stat.drop":7,"stat.useItem.minecraft.wooden_sword":57,"stat.useItem.tconstruct.seared":39,"stat.mineBlock.extrautils2.compressedsand":16,"stat.killEntity.Zombie":5,"stat.craftItem.minecraft.dye":12,"stat.pickup.opencomputers.tool":2,"stat.craftItem.exnihiloadscensio.hammerStone":13,"stat.pickup.minecraft.gravel":688,"stat.useItem.extrautils2.compressedcobblestone":45,"stat.mineBlock.tconstruct.smeltery_controller":1,"stat.breakItem.minecraft.wooden_axe":2,"stat.pickup.tconstruct.tool_rod":36,"stat.jump":948,"stat.useItem.minecraft.sand":20,"stat.pickup.tconstruct.seared_tank":1,"stat.useItem.minecraft.stone_axe":30,"stat.pickup.exnihiloadscensio.itemOreAluminium":3,"stat.pickup.minecraft.dirt":40,"stat.pickup.minecraft.experience_bottle":1,"stat.pickup.exnihiloadscensio.itemSeedSugarcane":1,"stat.useItem.minecraft.sapling":26,"stat.pickup.exnihiloadscensio.hammerStone":1,"stat.damageTaken":3741,"stat.mineBlock.minecraft.torch":2,"stat.pickup.immersiveengineering.metal":2,"stat.mineBlock.minecraft.sapling":1,"stat.mineBlock.excompressum.compressed_block":12,"stat.pickup.exnihiloadscensio.itemOreIron":36,"stat.pickup.tconstruct.materials":4,"stat.entityKilledBy.Zombie":1,"stat.craftItem.extrautils2.compressedsand":16,"stat.damageDealt":7344,"stat.craftItem.minecraft.glass":1,"stat.pickup.environmentaltech.digital_guide":1,"stat.useItem.minecraft.crafting_table":1,"stat.craftItem.minecraft.stone_slab":6,"stat.walkOneCm":335002,"stat.pickup.ceramics.clay_bucket":2,"stat.craftItem.excompressum.compressed_block":12,"stat.useItem.minecraft.chest":6,"stat.playerKills":9,"stat.craftItem.tconstruct.smeltery_io":2,"stat.pickup.minecraft.stick":9,"stat.pickup.minecraft.clay_ball":185,"ftbl.stat.last_seen":{"value":0,"progress":1600193888754},"stat.pickup.mysticalagriculture.inferium_essence":5,"stat.useItem.tconstruct.faucet":2,"stat.killEntity.Skeleton":3,"stat.killEntity.Spider":1,"stat.pickup.exnihiloadscensio.blockDust":167,"stat.mobKills":20,"stat.mineBlock.minecraft.leaves":1398,"stat.pickup.minecraft.torch":6,"stat.mineBlock.tconstruct.seared":2,"stat.useItem.tconstruct.smeltery_controller":2}