{"stat.useItem.minecraft.string":2,"stat.chestOpened":25,"stat.pickup.minecraft.wooden_slab":16,"stat.pickup.minecraft.gravel":6,"stat.leaveGame":2,"stat.mineBlock.minecraft.cobblestone":15,"stat.useItem.minecraft.apple":15,"stat.breakItem.minecraft.wooden_axe":1,"stat.jump":754,"stat.useItem.minecraft.sand":3,"stat.swimOneCm":4026,"stat.fallOneCm":8372,"stat.useItem.minecraft.planks":2,"stat.drop.minecraft.cobblestone":33,"stat.drop.minecraft.wooden_sword":1,"stat.crouchOneCm":18038,"stat.craftItem.minecraft.chest":2,"stat.pickup.minecraft.dirt":72,"stat.useItem.minecraft.dirt":52,"achievement.exploreAllBiomes":{"value":0,"progress":["ForestHills","Forest"]},"stat.craftingTableInteraction":24,"stat.pickup.minecraft.sand":4,"stat.useItem.minecraft.sapling":25,"stat.damageTaken":4185,"stat.mineBlock.minecraft.torch":1,"stat.useItem.minecraft.wooden_pickaxe":12,"stat.pickup.minecraft.cobblestone":20,"stat.mineBlock.minecraft.sapling":1,"stat.craftItem.minecraft.wooden_sword":2,"stat.mineBlock.minecraft.wooden_slab":3,"stat.pickup.minecraft.planks":26,"stat.flyOneCm":102783,"stat.pickup.minecraft.clay":4,"stat.pickup.minecraft.wheat_seeds":2,"stat.mineBlock.minecraft.sand":3,"stat.mineBlock.minecraft.gravel":18,"stat.craftItem.minecraft.wooden_slab":138,"stat.damageDealt":746,"stat.craftItem.minecraft.glass":1,"stat.timeSinceDeath":27528,"stat.hopperInspected":1,"stat.mineBlock.minecraft.dirt":1,"stat.useItem.minecraft.wooden_slab":145,"stat.craftItem.minecraft.wooden_pickaxe":1,"stat.walkOneCm":286101,"stat.useItem.minecraft.torch":4,"stat.useItem.minecraft.chest":2,"stat.playerKills":3,"stat.pickup.minecraft.stick":3,"stat.useItem.minecraft.log":2,"stat.useItem.minecraft.cobblestone":228,"stat.furnaceInteraction":3,"stat.drop.minecraft.gravel":1,"stat.useItem.minecraft.gravel":5,"ftbl.stat.last_seen":{"value":0,"progress":1600262217284},"stat.pickup.minecraft.log":168,"stat.pickup.minecraft.string":3,"stat.drop.minecraft.sapling":2,"achievement.mineWood":50,"stat.pickup.minecraft.sapling":277,"stat.sprintOneCm":71687,"stat.pickup.minecraft.apple":19,"stat.craftItem.minecraft.stick":108,"stat.craftItem.minecraft.wooden_axe":1,"stat.drop.minecraft.clay":1,"achievement.openInventory":173,"stat.craftItem.minecraft.planks":212,"stat.useItem.minecraft.wooden_shovel":14,"ftbl.stat.first_joined":{"value":0,"progress":1600179592069},"stat.mineBlock.minecraft.log":133,"stat.deaths":14,"stat.drop":69,"stat.mineBlock.minecraft.leaves":1613,"stat.playOneMinute":124532,"stat.craftItem.minecraft.wooden_shovel":1,"stat.useItem.minecraft.wooden_sword":20,"stat.pickup.minecraft.torch":5,"stat.sneakTime":8494,"stat.useItem.minecraft.wooden_axe":42,"stat.drop.minecraft.torch":1}